{"id":7573,"remoteAddress":"142.250.112.94","inMaxSpeed":0,"interface":"en5","originalPolicyName":"DIRECT","notes":["06:08:50.129186 [Connection] Incoming proxy protocol: HTTP","06:08:50.132364 [TLS] TLS Client Hello SNI: beacons.gcp.gvt2.com","06:08:50.132426 [MITM] Enable MITM due to capture MITM viaride setting entry: *","06:08:50.134633 [MITM] MITM via HTTP\/2 mode","06:08:50.135594 [HTTP] Reuse previous connection: SGHTTPOutgoingConnectionH2-139","06:08:50.135641 [HTTP] HTTP protocol negotiation completed: HTTP\/2","06:08:50.273470 [Connection] Disconnect: Client-side stream closed"],"inCurrentSpeed":0,"failed":false,"status":"Completed","outCurrentSpeed":0,"completed":true,"sourcePort":58471,"completedDate":1747832930.27351,"outBytes":544,"sourceAddress":"127.0.0.1","localAddress":"172.20.10.3","requestHeader":"POST \/domainreliability\/upload HTTP\/2\r\n:authority: beacons.gcp.gvt2.com\r\ncontent-length: 334\r\ncontent-type: application\/json; charset=utf-8\r\nuser-agent: Mozilla\/5.0 (Macintosh; Intel Mac OS X 10_15_7) AppleWebKit\/537.36 (KHTML, like Gecko) Chrome\/136.0.0.0 Safari\/537.36\r\naccept-encoding: gzip, deflate, br, zstd\r\naccept-language: en-US,en;q=0.9\r\npriority: u=4, i\r\n\r\n","local":true,"policyName":"DIRECT","inBytes":36,"deviceName":"Siguiente \/ Ryan Jeremy Pridgen","replicaDirectoryPath":"\/var\/folders\/f3\/yqp_63sj44z5ptknyyl5_qc40000gp\/T\/Surge Catpure\/2025-05-21-060729\/Requests\/007573 - 06.08.50 - POST - https%3A%2F%2Fbeacons.gcp.gvt2.com%2Fdomainreliability%2Fupload","takeoverMode":1,"method":"POST","replica":true,"pid":1139,"startDate":1747832930.1290941,"streamHasResponseBody":true,"setupCompletedDate":1747832930.135633,"URL":"https:\/\/beacons.gcp.gvt2.com\/domainreliability\/upload","processPath":"\/Applications\/Google Chrome.app\/Contents\/Frameworks\/Google Chrome Framework.framework\/Versions\/136.0.7103.114\/Helpers\/Google Chrome Helper.app\/Contents\/MacOS\/Google Chrome Helper","outMaxSpeed":0,"modified":false,"responseHeader":"HTTP\/2 200\r\nreport-to: {\"group\":\"ntbdioescrec:47:0\",\"max_age\":2592000,\"endpoints\":[{\"url\":\"https:\/\/csp.withgoogle.com\/csp\/report-to\/scaffolding\/ntbdioescrec:47:0\"}],}\r\nnel: {\"failure_fraction\":1,\"include_subdomains\":false,\"max_age\":300,\"report_to\":\"nel\",\"success_fraction\":0.25}\r\ncontent-type: application\/javascript; charset=utf-8\r\ncontent-security-policy-report-only: script-src 'none'; form-action 'none'; frame-src 'none'; report-uri https:\/\/csp.withgoogle.com\/csp\/scaffolding\/ntbdioescrec:47:0\r\ncross-origin-opener-policy-report-only: same-origin; report-to=ntbdioescrec:47:0\r\ndate: Wed, 21 May 2025 13:08:50 GMT\r\nserver: Domain Reliability Server\r\nx-xss-protection: 0\r\nx-frame-options: SAMEORIGIN\r\nalt-svc: h3=\":443\"; ma=2592000,h3-29=\":443\"; ma=2592000\r\ncontent-length: 0\r\n\r\n","rejected":false,"engineIdentifier":2,"remoteHost":"beacons.gcp.gvt2.com","streamHasRequestBody":true}